{
  "test_execution": {
    "timestamp": "2025-08-27T00:22:36.301935+00:00",
    "duration_seconds": 50.15,
    "total_requests": 52
  },
  "slo_results": {
    "sse_first_event_p95": {
      "value": 0.0034341812133789062,
      "target": 2.0,
      "unit": "seconds",
      "passed": true
    },
    "error_rate": {
      "value": 0.0,
      "target": 1.0,
      "unit": "percent",
      "passed": true
    },
    "readiness_stability": {
      "value": 100.0,
      "target": 99.0,
      "unit": "percent",
      "passed": true
    }
  },
  "overall_slo_compliance": true,
  "detailed_metrics": {
    "sse_first_event_times": [
      0.0034198760986328125,
      0.003365755081176758,
      0.0034341812133789062,
      0.0033538341522216797,
      0.003322124481201172
    ],
    "readiness_checks_total": 30,
    "readiness_checks_passed": 30
  }
}